,BERT,BERT,BERT,GPT2,GPT2,GPT2,T5,T5,T5,gpt4o,gpt4o,gpt4o,claude,claude,claude,llama,llama,llama
,original,modified,diff,original,modified,diff,original,modified,diff,original,modified,diff,original,modified,diff,original,modified,diff
verbal,53.47031120140364,50.29545034797135,-5.937614317361501,51.297018807523,51.41956782713084,0.2389008610181957,53.24823868941517,54.97952444381014,3.251348395752899,52.27507669734562,50.55249372476264,,47.83913565426171,46.48526077097506,,52.1318072683619,51.70612184267647,
lexical,49.93689191652993,46.72743922743923,-6.427017313082558,46.27774186597715,42.52693385046326,-8.104993597951344,50.38371758959993,50.943223443223445,1.1104894207707383,51.766321913380736,53.532056179115,,48.185735832794656,45.018315018315015,,51.45330160036042,51.593161740220566,
double,56.099439775910355,56.53461384553821,0.7757191005225037,56.021408563425375,52.44997999199679,-6.375113841318616,53.816738816738805,44.733560090702944,-16.877980579549142,48.70181405895691,57.03514739229025,,43.8095238095238,46.98412698412698,,45.7312925170068,48.19160997732426,
approximate,57.49084249084249,57.74594453165882,0.4437263914804636,57.27891156462585,57.44897959183673,0.2969121140142463,57.3711605854463,55.38267288267287,-3.466005711723145,49.57482993197278,53.027210884353735,,43.8095238095238,48.57142857142856,,48.826530612244895,41.445578231292515,
absolute,52.883576507526094,49.427270908363354,-6.535688066919712,49.1031412565026,53.341336534613845,8.631210080780704,54.04188948306595,57.19581772102781,5.8360806184434795,49.996165132719746,44.61402742915349,,46.27450980392156,46.17246898759503,,49.37670522754557,48.97653000594176,
